regime,variant,accuracy_all,macro_f1,coverage,false_negative_rate,aurc,ece,verifier_precision,verifier_recall,mean_llm_calls,mean_rounds
clean,full,0.8222,0.7152,0.8944,0.0031,0.0150,0.1077,1.0000,1.0000,10.8417,1.2083
clean,- verifier,0.8222,0.7152,0.8944,0.0031,0.0148,0.1053,1.0000,1.0000,10.8417,1.2083
clean,- devils_advocate,0.8944,0.7650,0.9972,0.0351,0.0202,0.1062,1.0000,1.0000,8.6333,1.2083
clean,- guideline,0.8222,0.7152,0.8944,0.0031,0.0150,0.1077,1.0000,1.0000,10.8417,1.2083
clean,- calibration,0.8194,0.7232,0.8861,0.0031,0.0139,0.1053,1.0000,1.0000,10.8417,1.2083
clean,- abstention,0.9028,0.7804,1.0000,0.0255,0.0197,0.1118,1.0000,1.0000,10.8417,1.2083
clean,- router,0.8222,0.7076,0.8972,0.0031,0.0157,0.1070,1.0000,1.0000,11.1556,1.2111
clean,- board (1 agent),0.8000,0.6860,0.9028,0.0101,0.0202,0.1035,1.0000,1.0000,7.1000,1.0000
clean,- debate (1 round),0.8028,0.7145,0.8833,0.0035,0.0134,0.0923,1.0000,1.0000,9.8000,1.0000
noisy,full,0.7889,0.5733,0.9111,0.0096,0.0660,0.1185,0.9015,1.0000,10.8444,1.1889
noisy,- verifier,0.7889,0.5705,0.9139,0.0096,0.0666,0.1093,0.9015,1.0000,10.8444,1.1889
noisy,- devils_advocate,0.8278,0.6099,0.9944,0.0510,0.0745,0.1301,0.9015,1.0000,8.6556,1.1889
noisy,- guideline,0.7889,0.5733,0.9111,0.0096,0.0660,0.1185,0.9015,1.0000,10.8444,1.1889
noisy,- calibration,0.7917,0.5661,0.9194,0.0096,0.0667,0.0866,0.9015,1.0000,10.8444,1.1889
noisy,- abstention,0.8306,0.6093,1.0000,0.0510,0.0751,0.1301,0.9015,1.0000,10.8444,1.1889
noisy,- router,0.7889,0.5629,0.9194,0.0128,0.0690,0.1157,0.9085,1.0000,11.1917,1.2000
noisy,- board (1 agent),0.7250,0.4890,0.8583,0.0324,0.0637,0.1217,0.8986,1.0000,7.1917,1.0000
noisy,- debate (1 round),0.7750,0.5519,0.8944,0.0096,0.0616,0.1117,0.8976,1.0000,9.9000,1.0000
borderline,full,0.4472,0.5492,0.7139,0.0189,0.3497,0.1656,0.9855,1.0000,12.8444,1.5806
borderline,- verifier,0.4472,0.5481,0.7167,0.0189,0.3443,0.1644,0.9855,1.0000,12.8444,1.5806
borderline,- devils_advocate,0.5417,0.5675,0.9000,0.0820,0.3501,0.1325,0.9855,1.0000,10.2639,1.5806
borderline,- guideline,0.4472,0.5492,0.7139,0.0189,0.3497,0.1656,0.9855,1.0000,12.8444,1.5806
borderline,- calibration,0.4778,0.5150,0.7944,0.0189,0.3548,0.1655,0.9855,1.0000,12.8444,1.5806
borderline,- abstention,0.5806,0.5448,1.0000,0.1129,0.3600,0.1356,0.9855,1.0000,12.8444,1.5806
borderline,- router,0.4500,0.5417,0.7250,0.0189,0.3630,0.1679,0.9862,1.0000,13.1583,1.6083
borderline,- board (1 agent),0.2861,0.5516,0.4667,0.0432,0.3231,0.1345,1.0000,1.0000,7.1167,1.0000
borderline,- debate (1 round),0.3583,0.5883,0.5472,0.0114,0.3368,0.2013,0.9866,1.0000,9.9417,1.0000
imbalanced,full,0.4972,0.6761,0.7167,0.0000,0.1532,0.1566,1.0000,1.0000,12.0417,1.4500
imbalanced,- verifier,0.4972,0.6761,0.7167,0.0000,0.1517,0.1582,1.0000,1.0000,12.0417,1.4500
imbalanced,- devils_advocate,0.7361,0.6943,0.9722,0.0060,0.1354,0.1322,1.0000,1.0000,9.5917,1.4500
imbalanced,- guideline,0.4972,0.6761,0.7167,0.0000,0.1532,0.1566,1.0000,1.0000,12.0417,1.4500
imbalanced,- calibration,0.4889,0.6821,0.6972,0.0000,0.1485,0.1231,1.0000,1.0000,12.0417,1.4500
imbalanced,- abstention,0.7639,0.7045,1.0000,0.0060,0.1340,0.1260,1.0000,1.0000,12.0417,1.4500
imbalanced,- router,0.4917,0.6757,0.7111,0.0000,0.1542,0.1505,1.0000,1.0000,12.4722,1.4694
imbalanced,- board (1 agent),0.5611,0.7275,0.7444,0.0162,0.1219,0.1406,1.0000,1.0000,7.1250,1.0000
imbalanced,- debate (1 round),0.5278,0.7017,0.7278,0.0000,0.1375,0.1514,1.0000,1.0000,9.7917,1.0000
adversarial,full,0.1972,0.2428,0.6500,0.0514,0.6883,0.2173,0.8896,1.0000,11.4056,1.3194
adversarial,- verifier,0.1944,0.2395,0.6500,0.0514,0.6899,0.2182,0.8896,1.0000,11.4056,1.3194
adversarial,- devils_advocate,0.2583,0.2818,0.7833,0.0927,0.6800,0.2012,0.8896,1.0000,9.0861,1.3194
adversarial,- guideline,0.1972,0.2428,0.6500,0.0514,0.6883,0.2173,0.8896,1.0000,11.4056,1.3194
adversarial,- calibration,0.2639,0.2625,0.8611,0.0620,0.6834,0.4793,0.8896,1.0000,11.4056,1.3194
adversarial,- abstention,0.3444,0.3222,1.0000,0.1316,0.6790,0.1570,0.8896,1.0000,11.4056,1.3194
adversarial,- router,0.2000,0.2344,0.6778,0.0620,0.6886,0.2309,0.8839,1.0000,11.8861,1.3556
adversarial,- board (1 agent),0.1278,0.2063,0.4528,0.0423,0.6812,0.2363,0.9375,1.0000,7.1083,1.0000
adversarial,- debate (1 round),0.1722,0.2573,0.5389,0.0471,0.6829,0.2158,0.8901,1.0000,9.8083,1.0000
